ipaddr_origin,idp_origin,ipaddr_resp,idp_resp,host,uri
9.8.178.233,1203,217.116.130.77,80,facebook.com,/login
181.149.218.0,4265,204.157.88.182,8000,login.microsoftonline.com,/download/latest
209.44.23.148,2725,239.159.73.66,80,www.instagram.com,/course
197.233.125.213,2810,134.79.197.62,80,student.university.ac.th,/home
218.158.29.16,1226,173.180.105.98,80,zoom.us,/profile
32.42.42.168,1042,171.200.36.98,80,student.university.ac.th,/stories/12345
55.151.19.23,4786,22.112.9.201,80,university.ac.th,/search?q=data
92.150.140.121,4784,114.230.52.162,80,zoom.us,/en-US/docs/Web/HTTP
17.122.187.7,4699,11.192.212.250,80,amazon.com,/messages
70.7.212.62,3695,128.59.70.198,80,teams.microsoft.com,/api/ping
57.59.177.131,4290,161.24.239.141,80,facebook.com,/search?q=data
149.192.163.229,3553,103.100.220.125,80,www.instagram.com,/search?q=data
127.162.112.36,2800,44.199.239.109,80,university.ac.th,/search?q=data
184.58.28.13,5591,56.198.5.12,80,twitter.com,/en-US/docs/Web/HTTP
178.175.95.197,3487,73.144.146.171,80,student.university.ac.th,/home
221.59.55.61,5609,160.137.186.126,80,university.ac.th,/api/ping
254.168.136.121,5824,112.33.20.154,80,login.microsoftonline.com,/search?q=data
1.201.100.222,1701,166.42.216.112,80,cdn.discordapp.com,/stories/12345
11.104.219.2,5535,51.103.155.177,80,cdn.discordapp.com,/en-US/docs/Web/HTTP
126.241.133.170,2180,137.20.234.0,8000,www.instagram.com,/download/latest
67.126.223.146,5387,15.2.123.101,80,login.microsoftonline.com,/home
47.122.39.79,1116,118.197.133.198,80,cdn.discordapp.com,/stories/12345
221.232.102.68,2272,31.122.46.231,80,login.microsoftonline.com,/home
50.159.59.35,2994,72.86.46.15,80,api.line.me,/en-US/docs/Web/HTTP
107.85.241.202,4216,151.175.84.195,80,google.com,/auth/verify
91.38.233.141,4031,190.96.119.108,80,zoom.us,/stories/12345
241.208.187.161,3557,198.54.176.100,80,facebook.com,/messages
250.151.237.165,4818,203.255.207.136,8000,stackoverflow.com,/course
147.51.52.9,2586,137.112.245.211,80,google.com,/stories/12345
112.99.137.47,3961,225.198.172.157,80,login.microsoftonline.com,/login
96.78.131.133,5818,189.101.254.217,80,teams.microsoft.com,/products/books
223.59.0.9,5948,157.131.201.145,80,google.com,/auth/verify
87.44.169.179,6223,154.197.30.52,8000,stackoverflow.com,/api/ping
238.206.32.5,4767,156.99.238.194,80,youtube.com,/dashboard
61.41.127.174,6222,30.99.68.185,80,medium.com,/products/books
113.21.54.60,1569,135.98.102.152,80,cdn.discordapp.com,/download/latest
82.226.140.120,2901,192.220.216.130,80,stackoverflow.com,/profile
88.53.174.23,1009,162.147.80.252,80,twitter.com,/login
129.149.82.10,5160,228.221.90.38,80,amazon.com,/api/ping
10.48.93.115,1335,36.139.205.195,8000,www.instagram.com,/stories/12345
220.155.179.99,1782,28.201.194.142,80,teams.microsoft.com,/dashboard
171.215.18.66,5237,247.218.234.167,8080,google.com,/stories/12345
1.61.236.18,3997,223.83.52.16,80,cdn.discordapp.com,/course
196.158.71.175,2784,178.44.82.2,80,www.instagram.com,/dashboard
126.17.8.219,3248,173.176.232.95,8000,teams.microsoft.com,/search?q=data
252.124.118.135,4124,61.126.102.235,80,amazon.com,/messages
96.18.42.251,1257,232.15.173.108,80,stackoverflow.com,/messages
89.21.91.191,1083,104.194.208.60,80,amazon.com,/course
236.10.91.130,1462,132.169.37.140,80,stackoverflow.com,/download/latest
179.176.1.60,3156,169.153.63.151,80,google.com,/home
174.91.228.231,1342,240.157.181.32,80,twitter.com,/stories/12345
229.19.68.184,2131,186.151.105.222,80,teams.microsoft.com,/login
58.158.44.73,3646,190.83.94.74,8000,youtube.com,/login
139.88.2.3,1401,164.240.63.246,80,stackoverflow.com,/products/books
123.165.153.241,5439,137.182.134.153,80,zoom.us,/course
80.13.134.114,3844,245.89.1.200,8000,www.google.com,/profile
237.130.94.90,5637,201.11.131.41,80,university.ac.th,/messages
109.183.102.148,5404,59.199.240.253,8000,twitter.com,/en-US/docs/Web/HTTP
77.182.144.82,3653,172.132.239.6,8000,twitter.com,/en-US/docs/Web/HTTP
120.79.16.241,2140,65.24.223.37,8000,facebook.com,/api/ping
172.85.165.82,4879,38.92.137.109,80,api.line.me,/search?q=data
211.75.156.156,4866,92.65.66.88,8000,www.google.com,/download/latest
105.159.117.152,5705,254.130.210.240,80,facebook.com,/en-US/docs/Web/HTTP
231.250.38.209,1137,155.169.191.157,80,google.com,/messages
59.28.245.88,1802,186.26.7.196,8080,www.google.com,/en-US/docs/Web/HTTP
252.233.8.160,5067,253.202.63.115,8000,login.microsoftonline.com,/login
18.224.28.36,5150,174.220.70.140,80,university.ac.th,/dashboard
148.8.78.242,5633,165.169.13.38,80,amazon.com,/products/books
128.232.107.117,4406,6.235.10.150,8000,login.microsoftonline.com,/course
9.192.138.177,3160,230.96.166.157,80,login.microsoftonline.com,/products/books
181.111.141.195,4823,132.161.95.171,80,university.ac.th,/login
34.182.112.176,6291,165.31.164.69,80,google.com,/products/books
73.172.52.226,2507,138.227.253.232,80,facebook.com,/login
250.209.143.34,1038,200.7.106.119,80,student.university.ac.th,/profile
205.144.186.215,3586,226.228.54.215,8000,www.google.com,/home
0.69.103.248,2438,225.163.205.51,80,twitter.com,/en-US/docs/Web/HTTP
94.131.196.104,1950,30.114.137.99,80,www.google.com,/download/latest
225.241.201.214,3113,128.129.68.141,80,teams.microsoft.com,/products/books
68.237.148.224,2182,239.224.132.36,80,zoom.us,/search?q=data
72.245.125.117,1358,3.76.132.155,80,amazon.com,/en-US/docs/Web/HTTP
110.65.36.203,2620,21.17.210.120,8000,youtube.com,/dashboard
228.245.170.45,3282,54.130.195.93,8000,www.instagram.com,/en-US/docs/Web/HTTP
181.42.60.4,4921,217.102.26.7,8080,amazon.com,/en-US/docs/Web/HTTP
113.157.225.254,3146,86.202.213.14,80,amazon.com,/dashboard
80.70.190.166,4232,113.28.36.180,8000,www.instagram.com,/auth/verify
193.164.189.63,4182,41.170.114.219,80,stackoverflow.com,/messages
120.141.0.17,4135,41.10.105.224,80,www.google.com,/login
0.15.80.246,3876,86.72.133.239,8000,zoom.us,/products/books
63.204.96.84,4739,146.243.80.181,8080,university.ac.th,/en-US/docs/Web/HTTP
102.167.142.169,5654,164.180.198.148,80,api.line.me,/home
20.197.173.173,5041,79.120.1.243,80,cdn.discordapp.com,/home
87.223.67.28,1375,139.20.85.88,8000,google.com,/auth/verify
73.98.227.132,6030,225.232.142.82,8000,login.microsoftonline.com,/dashboard
141.32.225.208,1820,156.102.230.210,80,www.instagram.com,/search?q=data
226.19.200.193,1229,62.169.45.58,8000,stackoverflow.com,/products/books
227.147.73.152,3056,111.136.246.20,8000,medium.com,/stories/12345
124.186.235.58,6404,40.143.180.119,80,youtube.com,/products/books
23.232.220.198,2318,192.145.115.48,8000,twitter.com,/course
239.63.220.152,6185,236.107.35.192,80,google.com,/stories/12345
126.25.80.96,2339,208.82.193.87,80,stackoverflow.com,/login
204.220.46.0,4115,254.80.83.138,80,google.com,/login
193.140.131.69,1181,83.168.28.4,80,www.google.com,/course
229.199.123.8,5084,61.190.215.15,80,login.microsoftonline.com,/download/latest
46.176.37.178,3587,234.222.214.225,80,facebook.com,/en-US/docs/Web/HTTP
61.144.82.192,3085,24.106.86.214,80,zoom.us,/messages
35.158.157.168,5804,250.237.41.242,80,www.instagram.com,/search?q=data
212.156.54.235,5592,158.36.111.235,80,zoom.us,/download/latest
152.224.255.121,3588,166.151.24.170,80,login.microsoftonline.com,/en-US/docs/Web/HTTP
206.70.208.139,2057,226.40.105.174,80,stackoverflow.com,/login
244.234.50.168,2924,99.11.210.170,80,google.com,/course
238.233.129.203,1256,6.14.199.75,8000,google.com,/profile
49.134.112.21,5374,244.75.95.241,80,youtube.com,/download/latest
65.102.227.62,5530,181.15.38.34,80,youtube.com,/download/latest
154.9.141.89,4512,135.26.219.104,8000,api.line.me,/en-US/docs/Web/HTTP
97.67.210.207,2874,247.189.60.96,80,cdn.discordapp.com,/auth/verify
38.61.35.26,2391,60.209.22.170,80,amazon.com,/stories/12345
120.83.142.107,1325,21.11.116.167,8080,twitter.com,/stories/12345
168.146.236.27,1823,134.158.224.15,80,twitter.com,/login
136.54.239.34,5686,54.15.193.151,8080,twitter.com,/download/latest
109.182.130.72,5335,208.105.175.79,80,student.university.ac.th,/search?q=data
78.215.107.46,1698,86.133.180.13,80,medium.com,/course
246.253.216.101,6187,192.39.151.98,80,student.university.ac.th,/profile
165.175.82.182,1551,183.31.12.71,80,google.com,/search?q=data
63.173.97.118,5991,97.115.136.84,8000,teams.microsoft.com,/course
223.52.110.116,1544,78.51.228.134,80,stackoverflow.com,/course
223.152.73.207,6230,239.135.238.63,80,amazon.com,/profile
156.205.66.69,1124,85.176.71.56,8000,medium.com,/login
193.190.38.220,2966,41.116.87.139,80,api.line.me,/profile
156.162.30.216,4035,185.87.174.120,80,api.line.me,/api/ping
194.172.102.100,5830,177.73.70.75,80,zoom.us,/en-US/docs/Web/HTTP
88.241.65.80,2406,41.72.95.155,80,youtube.com,/messages
93.245.92.36,6043,220.224.169.249,80,teams.microsoft.com,/en-US/docs/Web/HTTP
182.4.83.182,2413,161.9.139.222,80,student.university.ac.th,/api/ping
88.94.149.127,2072,211.100.7.226,80,cdn.discordapp.com,/profile
169.207.68.198,2860,32.193.197.185,80,twitter.com,/en-US/docs/Web/HTTP
216.1.195.173,1830,130.145.35.21,80,student.university.ac.th,/api/ping
148.154.126.63,2333,176.186.114.54,8000,twitter.com,/auth/verify
208.122.252.163,1343,80.33.206.46,80,teams.microsoft.com,/course
135.251.50.100,2764,90.221.17.184,80,www.google.com,/dashboard
93.186.86.104,2516,135.22.127.8,80,api.line.me,/profile
197.101.1.182,1094,229.8.0.115,80,youtube.com,/download/latest
233.93.9.83,3088,165.209.37.86,80,zoom.us,/dashboard
127.155.255.102,1192,14.194.124.143,8080,youtube.com,/dashboard
176.251.185.93,4534,83.164.202.66,8080,login.microsoftonline.com,/products/books
184.32.38.44,4149,155.162.245.19,80,student.university.ac.th,/search?q=data
26.242.223.185,3835,129.31.106.95,80,google.com,/messages
155.78.208.189,2678,213.227.146.188,80,api.line.me,/dashboard
125.168.126.232,2966,150.78.6.124,80,api.line.me,/download/latest
12.152.209.93,5979,129.38.189.52,80,www.instagram.com,/messages
58.59.29.212,3396,31.189.27.60,80,medium.com,/course
169.134.20.32,3785,182.225.253.67,80,www.google.com,/api/ping
227.50.8.120,5409,238.70.234.57,80,youtube.com,/course
218.255.113.216,6018,203.111.168.236,80,facebook.com,/stories/12345
228.129.22.137,3182,225.171.220.229,80,youtube.com,/api/ping
56.160.213.98,3489,144.254.110.164,8000,amazon.com,/home
71.44.182.83,6327,59.183.221.2,80,google.com,/api/ping
131.186.20.150,2029,140.233.238.19,8080,facebook.com,/home
3.254.94.23,5771,188.29.140.127,8000,twitter.com,/dashboard
57.245.37.142,6219,255.244.223.222,80,api.line.me,/dashboard
179.121.129.199,5250,103.30.45.208,80,cdn.discordapp.com,/search?q=data
154.235.71.5,3206,221.33.58.26,8000,twitter.com,/login
150.141.69.171,3209,217.127.154.252,80,teams.microsoft.com,/stories/12345
25.229.8.143,5233,27.23.245.99,8000,student.university.ac.th,/search?q=data
42.104.239.7,5886,93.208.69.144,80,university.ac.th,/messages
179.195.212.59,2519,0.4.122.220,8000,twitter.com,/course
169.54.198.182,1975,236.217.26.181,80,university.ac.th,/messages
189.63.89.70,5264,42.206.110.236,80,google.com,/home
1.17.72.17,4373,171.43.197.69,80,youtube.com,/auth/verify
138.141.68.234,4678,159.11.0.68,8080,www.instagram.com,/login
229.87.133.126,4302,246.92.187.133,80,facebook.com,/en-US/docs/Web/HTTP
216.219.195.16,1817,108.223.61.138,80,stackoverflow.com,/search?q=data
56.87.208.205,3451,170.77.82.115,80,cdn.discordapp.com,/login
60.194.172.228,4369,167.172.216.210,80,www.google.com,/search?q=data
223.111.156.131,2994,61.12.153.251,80,google.com,/profile
67.76.248.20,1216,243.121.250.162,80,youtube.com,/en-US/docs/Web/HTTP
116.22.63.14,4153,135.145.175.57,80,youtube.com,/download/latest
19.224.68.28,2995,58.170.26.22,80,medium.com,/dashboard
135.121.255.5,3569,45.165.26.84,80,login.microsoftonline.com,/api/ping
249.0.57.236,5662,191.222.221.163,8000,medium.com,/login
131.60.52.99,1535,238.44.112.143,80,zoom.us,/api/ping
102.169.244.146,5932,25.54.230.155,80,youtube.com,/en-US/docs/Web/HTTP
178.32.163.50,5487,18.185.149.232,80,google.com,/search?q=data
39.1.21.56,3600,25.113.240.202,80,cdn.discordapp.com,/en-US/docs/Web/HTTP
164.23.193.233,4631,168.73.188.28,8080,student.university.ac.th,/course
195.107.48.62,3584,29.70.176.252,80,amazon.com,/dashboard
128.13.84.29,2417,91.143.224.102,80,www.instagram.com,/products/books
72.194.237.221,1319,114.64.54.150,80,twitter.com,/auth/verify
142.192.195.208,3562,85.153.214.230,80,university.ac.th,/course
159.74.151.253,5796,83.212.77.165,8000,university.ac.th,/products/books
183.209.33.155,2123,3.162.128.28,80,teams.microsoft.com,/dashboard
118.175.160.85,3986,44.242.30.41,8080,cdn.discordapp.com,/dashboard
192.86.65.32,5524,250.182.245.105,80,api.line.me,/home
153.124.20.76,2805,203.210.168.184,80,login.microsoftonline.com,/search?q=data
216.71.192.167,3634,40.124.2.226,80,student.university.ac.th,/login
120.144.57.14,2892,76.144.150.186,8000,cdn.discordapp.com,/api/ping
78.151.100.53,5299,166.248.236.99,80,cdn.discordapp.com,/profile
8.80.178.130,5534,30.221.52.193,80,amazon.com,/api/ping
120.112.201.122,3209,249.41.106.113,80,api.line.me,/home
177.227.244.178,5677,126.82.105.36,8080,google.com,/home
61.28.183.161,1722,219.76.254.13,8080,twitter.com,/dashboard
164.18.252.103,2312,243.12.137.102,80,university.ac.th,/login
197.182.80.187,2100,46.140.248.218,80,google.com,/course
26.241.246.6,3133,124.87.43.237,80,twitter.com,/home
78.253.202.33,4746,36.211.248.119,80,teams.microsoft.com,/download/latest
84.163.12.22,1180,246.18.213.82,8080,api.line.me,/home
66.247.201.40,2003,21.211.37.33,8080,university.ac.th,/download/latest
62.207.0.81,1508,47.15.157.165,80,google.com,/messages
237.14.145.236,3502,49.166.191.223,8080,google.com,/en-US/docs/Web/HTTP
44.93.233.85,1878,119.101.174.184,80,google.com,/stories/12345
23.8.10.22,2291,241.223.9.8,80,www.instagram.com,/profile
162.90.4.76,3694,122.146.105.129,80,www.google.com,/stories/12345
25.119.78.108,1199,218.191.154.35,8080,youtube.com,/profile
41.86.240.14,1561,152.161.121.99,80,stackoverflow.com,/search?q=data
209.139.85.128,1116,245.143.33.159,80,cdn.discordapp.com,/stories/12345
174.236.231.197,5608,7.86.203.161,80,google.com,/stories/12345
127.203.163.196,5486,9.143.245.44,80,university.ac.th,/dashboard
182.184.214.225,2249,236.96.35.37,80,medium.com,/login
20.23.56.248,5632,12.229.108.52,80,login.microsoftonline.com,/dashboard
127.225.0.179,3183,28.179.213.109,8000,university.ac.th,/login
68.32.184.24,3973,16.75.75.229,8080,google.com,/login
203.180.39.49,1134,123.159.44.54,80,amazon.com,/en-US/docs/Web/HTTP
168.215.249.126,1546,128.43.205.169,8000,youtube.com,/home
243.245.146.12,2132,240.118.47.137,80,teams.microsoft.com,/course
181.176.39.189,3883,208.143.184.53,80,cdn.discordapp.com,/download/latest
173.61.241.121,1384,226.108.66.119,80,api.line.me,/profile
8.117.231.173,3671,192.171.106.131,80,twitter.com,/auth/verify
84.148.241.184,1463,54.143.33.147,8000,teams.microsoft.com,/profile
210.158.194.38,3492,107.15.178.151,80,google.com,/login
208.41.69.145,6316,213.174.33.253,80,youtube.com,/en-US/docs/Web/HTTP
94.185.247.92,1387,189.220.14.94,8080,twitter.com,/api/ping
6.245.126.181,5163,88.223.210.246,80,student.university.ac.th,/auth/verify
112.37.123.245,2841,230.143.35.232,8000,student.university.ac.th,/dashboard
222.139.100.171,3383,78.6.246.11,80,google.com,/products/books
226.108.182.225,2112,14.132.53.61,80,cdn.discordapp.com,/download/latest
213.95.215.184,3597,153.145.21.184,8080,www.google.com,/dashboard
87.217.222.111,4972,49.73.43.22,8000,youtube.com,/products/books
197.79.100.106,6327,127.96.58.182,80,youtube.com,/dashboard
105.50.248.85,6159,163.153.201.169,80,www.google.com,/messages
249.181.117.214,1799,155.164.100.231,80,youtube.com,/dashboard
17.71.94.82,2327,89.223.137.251,8080,youtube.com,/messages
26.224.219.141,1771,34.99.72.177,80,google.com,/en-US/docs/Web/HTTP
105.115.98.254,1917,104.190.98.54,80,api.line.me,/home
66.69.104.110,1664,129.40.80.253,80,student.university.ac.th,/stories/12345
21.37.175.45,4948,170.214.218.146,80,www.instagram.com,/products/books
149.93.63.79,1054,231.59.64.253,80,amazon.com,/download/latest
226.52.120.224,5338,71.150.227.233,80,api.line.me,/profile
237.88.209.159,5126,198.185.227.77,80,teams.microsoft.com,/home
132.81.87.91,3715,33.202.173.138,80,google.com,/products/books
102.99.101.253,5641,242.121.48.94,80,login.microsoftonline.com,/dashboard
197.145.75.183,4578,55.6.134.92,8000,google.com,/course
82.191.199.188,2240,249.201.234.190,80,amazon.com,/api/ping
170.66.39.73,2399,241.42.95.32,8000,facebook.com,/en-US/docs/Web/HTTP
34.3.99.82,6467,240.156.240.138,80,stackoverflow.com,/search?q=data
218.130.32.189,4423,20.159.111.97,80,amazon.com,/messages
109.66.64.219,5560,3.85.86.28,80,twitter.com,/search?q=data
5.87.146.59,6215,195.27.174.10,8000,student.university.ac.th,/api/ping
105.200.187.142,6342,34.22.209.189,80,facebook.com,/stories/12345
167.165.206.206,2837,23.215.128.18,80,www.instagram.com,/api/ping
217.157.141.200,4035,52.161.157.52,80,google.com,/messages
114.106.141.219,2838,236.84.179.211,80,login.microsoftonline.com,/profile
21.101.124.108,3156,222.136.246.42,80,facebook.com,/download/latest
78.132.89.203,2229,43.159.85.250,80,stackoverflow.com,/download/latest
133.201.58.121,5788,248.53.35.184,80,student.university.ac.th,/download/latest
94.234.67.185,5713,202.66.5.79,8000,zoom.us,/login
94.220.46.84,1163,140.186.102.20,80,amazon.com,/en-US/docs/Web/HTTP
172.131.114.249,4825,224.239.129.176,80,medium.com,/products/books
109.86.249.184,5778,124.125.172.248,80,youtube.com,/auth/verify
114.182.54.63,5110,219.107.254.124,80,google.com,/download/latest
59.157.1.232,2477,82.135.22.8,80,youtube.com,/home
148.34.65.5,1787,134.119.14.62,8000,zoom.us,/en-US/docs/Web/HTTP
144.7.106.87,1790,135.202.151.210,8000,youtube.com,/download/latest
10.73.53.52,4795,144.251.68.216,8080,twitter.com,/course
58.68.138.161,6152,192.224.144.10,80,twitter.com,/course
73.230.140.212,2156,137.140.238.208,80,university.ac.th,/profile
196.67.119.68,4735,64.11.113.166,80,facebook.com,/search?q=data
65.85.61.87,3532,245.79.104.110,80,zoom.us,/api/ping
94.119.8.129,3074,202.157.210.225,8000,university.ac.th,/search?q=data
133.25.190.235,5727,101.196.169.223,80,amazon.com,/stories/12345
169.187.215.121,2835,67.150.6.252,80,www.google.com,/stories/12345
94.46.26.108,2848,245.23.207.25,80,student.university.ac.th,/en-US/docs/Web/HTTP
107.74.28.85,5346,142.62.3.241,80,facebook.com,/api/ping
48.3.61.192,6354,1.23.157.185,80,amazon.com,/messages
232.7.199.45,2904,62.82.63.112,8000,university.ac.th,/login
187.30.196.194,6113,12.31.207.192,80,www.google.com,/course
9.165.226.39,2422,130.36.81.65,80,api.line.me,/home
135.29.206.145,4192,142.124.215.101,8080,api.line.me,/auth/verify
205.251.209.205,2772,23.144.147.162,80,stackoverflow.com,/profile
235.137.78.246,2777,32.98.176.218,80,login.microsoftonline.com,/api/ping
87.85.78.46,2866,200.77.132.183,80,login.microsoftonline.com,/profile
75.23.62.119,5066,45.211.104.245,80,api.line.me,/login
205.184.216.233,4448,27.136.64.95,8080,facebook.com,/auth/verify
199.161.161.230,3367,166.148.55.124,80,twitter.com,/course
109.242.196.53,4871,200.143.69.241,80,medium.com,/products/books
68.8.72.36,1294,43.64.96.174,80,twitter.com,/login
108.217.109.198,4700,135.134.153.194,8000,login.microsoftonline.com,/home
217.20.103.83,2957,214.62.167.58,8080,www.google.com,/stories/12345
36.35.252.235,3265,166.51.173.123,8080,www.google.com,/api/ping
141.207.4.142,2670,221.9.28.176,8000,university.ac.th,/products/books
91.67.253.3,2511,37.88.187.209,80,stackoverflow.com,/en-US/docs/Web/HTTP
208.88.65.37,2131,136.165.252.64,80,university.ac.th,/stories/12345
241.76.69.127,1512,223.199.0.66,8080,twitter.com,/messages
143.129.16.51,3185,208.59.109.84,80,teams.microsoft.com,/dashboard
102.195.70.216,2201,174.224.179.107,8080,student.university.ac.th,/home
41.171.185.45,4028,39.154.224.188,80,amazon.com,/stories/12345
155.8.227.55,4186,61.138.213.234,8000,login.microsoftonline.com,/auth/verify
230.77.198.28,5772,87.156.118.124,80,login.microsoftonline.com,/en-US/docs/Web/HTTP
80.133.61.118,3030,148.207.41.32,80,facebook.com,/home
51.255.34.86,4004,207.24.153.58,80,www.instagram.com,/stories/12345
128.65.205.103,4469,239.215.88.32,80,university.ac.th,/products/books
217.245.161.202,3601,154.164.146.21,80,university.ac.th,/home
17.209.50.20,3271,187.160.61.204,8080,facebook.com,/en-US/docs/Web/HTTP
12.67.81.99,5349,95.88.159.199,80,teams.microsoft.com,/dashboard
6.252.214.82,2426,48.202.65.122,80,medium.com,/profile
212.130.122.147,1751,5.183.174.83,80,youtube.com,/stories/12345
10.92.7.219,2271,83.39.112.92,80,www.instagram.com,/api/ping
250.30.96.39,2395,24.1.193.102,80,student.university.ac.th,/auth/verify
238.211.202.231,5739,67.165.117.174,80,youtube.com,/search?q=data
191.148.89.197,2131,245.193.235.59,80,facebook.com,/profile
104.144.194.5,1559,6.180.73.236,80,student.university.ac.th,/download/latest
35.213.135.154,1425,3.255.233.185,80,google.com,/en-US/docs/Web/HTTP
65.37.129.132,1927,222.90.141.59,80,medium.com,/auth/verify
39.90.12.162,6252,83.155.191.242,80,student.university.ac.th,/messages
106.70.117.160,4637,210.142.231.60,80,google.com,/login
15.2.13.83,6412,153.134.212.3,8080,university.ac.th,/dashboard
41.46.223.77,5123,93.168.189.10,8000,google.com,/products/books
44.116.217.53,1210,26.79.160.27,80,stackoverflow.com,/course
68.223.171.104,5665,100.213.31.90,80,www.google.com,/search?q=data
29.247.24.67,2921,3.161.128.20,8080,teams.microsoft.com,/search?q=data
51.47.141.205,6238,167.77.53.119,80,facebook.com,/stories/12345
226.95.254.230,2444,247.115.243.220,80,login.microsoftonline.com,/dashboard
206.239.127.88,1493,53.228.216.187,80,google.com,/download/latest
4.185.155.221,1030,108.152.148.23,80,youtube.com,/dashboard
118.117.0.21,3861,81.98.70.218,80,medium.com,/course
248.226.218.228,2179,114.84.28.38,80,api.line.me,/profile
220.243.217.198,1720,249.20.94.89,80,zoom.us,/en-US/docs/Web/HTTP
136.81.230.225,2401,146.50.249.208,80,youtube.com,/en-US/docs/Web/HTTP
183.54.243.103,3421,7.175.85.125,80,university.ac.th,/login
18.18.241.75,1328,93.32.207.63,80,twitter.com,/login
33.223.202.178,4538,180.174.137.158,8080,teams.microsoft.com,/api/ping
183.85.197.213,6308,219.61.97.248,8000,amazon.com,/products/books
16.197.229.144,4589,163.167.161.84,80,google.com,/auth/verify
245.3.1.2,1739,177.82.149.123,80,www.instagram.com,/stories/12345
53.140.202.176,6040,159.85.170.34,8000,youtube.com,/api/ping
148.186.246.77,2391,239.213.228.91,8080,amazon.com,/home
135.55.74.58,5666,46.19.238.145,80,www.instagram.com,/search?q=data
209.41.252.8,2103,39.222.74.233,8000,university.ac.th,/course
28.35.201.216,1315,6.35.194.125,8080,youtube.com,/api/ping
214.194.149.243,2359,78.146.202.220,80,student.university.ac.th,/auth/verify
149.241.195.54,1587,59.137.151.177,80,twitter.com,/profile
83.96.66.198,3173,101.40.211.3,8000,amazon.com,/login
232.177.62.251,1350,22.58.99.136,8000,student.university.ac.th,/dashboard
58.249.124.70,2874,171.12.16.107,80,www.instagram.com,/api/ping
103.58.49.95,2004,143.226.24.141,80,stackoverflow.com,/api/ping
105.227.102.129,4762,176.206.66.183,8080,facebook.com,/dashboard
49.127.64.154,4248,196.132.244.206,80,facebook.com,/auth/verify
19.225.21.59,3846,160.106.5.206,80,www.google.com,/auth/verify
214.37.252.60,2679,173.241.115.171,80,amazon.com,/api/ping
17.243.182.101,4805,0.159.42.253,8000,stackoverflow.com,/en-US/docs/Web/HTTP
129.172.145.172,5678,130.237.203.52,80,zoom.us,/api/ping
58.253.89.200,3061,133.182.166.164,80,student.university.ac.th,/dashboard
159.124.177.49,3100,74.249.55.19,80,twitter.com,/dashboard
141.121.150.106,4764,172.213.50.156,80,www.google.com,/search?q=data
60.140.200.68,4526,143.3.218.35,8000,www.instagram.com,/messages
91.188.204.157,6390,177.15.254.105,80,api.line.me,/home
108.216.249.158,6272,109.9.22.74,80,twitter.com,/stories/12345
101.21.200.233,1327,118.5.53.92,8080,login.microsoftonline.com,/stories/12345
65.49.202.168,1144,137.229.216.143,80,stackoverflow.com,/stories/12345
130.120.178.8,3693,73.140.250.6,8080,facebook.com,/messages
21.32.60.120,5752,193.176.202.170,80,university.ac.th,/home
30.230.186.14,1370,169.254.176.45,80,cdn.discordapp.com,/profile
58.91.183.48,4792,208.97.161.149,8000,amazon.com,/download/latest
116.97.53.193,3684,71.12.132.236,80,youtube.com,/login
221.175.82.142,2358,69.14.166.22,80,google.com,/search?q=data
89.8.43.112,1348,196.227.163.143,8000,cdn.discordapp.com,/login
150.45.185.115,6152,132.228.148.58,8000,twitter.com,/products/books
36.247.247.215,1793,250.180.55.14,80,cdn.discordapp.com,/api/ping
253.38.165.70,1691,216.118.208.158,80,medium.com,/products/books
24.180.139.80,3284,91.71.96.233,8080,www.instagram.com,/login
133.15.57.228,3798,181.19.54.105,80,www.instagram.com,/home
27.216.224.170,3674,91.47.23.65,8080,www.google.com,/course
172.208.43.129,1720,13.106.246.75,8000,www.google.com,/home
44.26.6.108,1187,49.204.7.234,80,twitter.com,/profile
116.13.105.246,1069,213.85.101.70,8000,youtube.com,/auth/verify
185.83.52.141,3021,188.162.153.118,80,student.university.ac.th,/stories/12345
130.93.116.116,4954,11.169.106.192,80,google.com,/profile
11.113.43.116,3663,0.45.97.81,80,login.microsoftonline.com,/products/books
149.149.191.57,1261,235.59.240.232,8000,stackoverflow.com,/stories/12345
189.79.85.7,2986,93.27.34.27,80,google.com,/api/ping
208.181.206.179,3004,61.127.24.84,80,twitter.com,/api/ping
3.234.251.27,6294,205.105.157.240,80,google.com,/login
170.52.8.26,5315,137.160.60.240,8000,stackoverflow.com,/products/books
150.69.254.249,1682,80.157.33.239,80,medium.com,/login
101.83.35.27,4003,135.46.174.47,80,amazon.com,/en-US/docs/Web/HTTP
201.75.98.242,2305,164.112.246.119,80,www.google.com,/course
202.227.164.158,5686,247.224.245.147,80,youtube.com,/download/latest
159.23.99.174,4721,144.103.211.236,8000,www.google.com,/messages
95.215.108.36,5811,244.94.243.75,8000,google.com,/home
202.228.253.254,4016,16.27.157.129,80,youtube.com,/download/latest
110.138.90.185,6452,209.31.180.92,80,zoom.us,/course
92.103.78.133,1222,181.199.7.229,80,medium.com,/home
154.134.197.190,1042,247.79.177.177,80,login.microsoftonline.com,/login
235.206.57.20,5015,248.93.235.19,80,teams.microsoft.com,/dashboard
72.110.128.35,1224,113.157.127.252,80,facebook.com,/dashboard
165.60.63.39,6063,175.143.158.58,80,api.line.me,/auth/verify
203.146.133.60,1071,144.203.175.201,80,amazon.com,/products/books
42.209.241.151,5967,66.26.188.200,80,www.instagram.com,/search?q=data
198.130.224.202,2289,29.46.236.172,80,www.google.com,/en-US/docs/Web/HTTP
238.21.94.137,3712,247.231.102.253,80,facebook.com,/dashboard
32.161.153.207,2581,79.20.35.175,80,university.ac.th,/en-US/docs/Web/HTTP
55.181.176.131,5760,72.217.153.11,80,stackoverflow.com,/messages
77.182.194.249,6026,196.12.109.83,80,university.ac.th,/search?q=data
104.15.202.180,2893,154.180.11.238,80,medium.com,/profile
75.8.237.207,3381,193.106.233.58,80,google.com,/home
169.180.66.160,5550,33.5.220.163,80,api.line.me,/home
164.2.64.57,3602,78.168.170.77,80,www.google.com,/profile
23.79.224.255,4687,56.60.84.6,80,api.line.me,/api/ping
47.52.181.158,1905,80.201.190.139,80,www.google.com,/auth/verify
43.6.150.182,4711,54.135.58.196,80,twitter.com,/products/books
98.20.17.29,3917,248.167.243.208,8000,stackoverflow.com,/messages
27.165.117.212,4868,20.196.180.26,80,www.google.com,/dashboard
107.8.95.25,1277,247.144.49.205,8080,medium.com,/search?q=data
136.35.212.219,2168,7.30.234.63,80,api.line.me,/en-US/docs/Web/HTTP
169.209.109.14,5980,66.65.200.70,80,login.microsoftonline.com,/search?q=data
32.235.148.243,6360,190.77.22.133,80,student.university.ac.th,/profile
163.103.113.59,2958,22.252.60.230,80,facebook.com,/course
253.232.107.68,1619,204.33.69.204,8000,amazon.com,/api/ping
182.212.201.195,4488,145.224.15.213,80,login.microsoftonline.com,/stories/12345
179.141.156.202,3478,47.77.136.248,80,teams.microsoft.com,/stories/12345
189.37.225.63,5277,222.23.209.235,80,www.google.com,/search?q=data
181.181.65.187,5085,248.234.93.157,8000,youtube.com,/api/ping
70.44.94.19,2846,173.107.239.202,80,google.com,/search?q=data
42.244.189.206,6182,14.177.224.97,80,youtube.com,/home
107.159.169.80,4143,64.105.234.17,80,stackoverflow.com,/en-US/docs/Web/HTTP
146.42.1.55,4521,214.78.119.154,8080,university.ac.th,/home
151.183.191.81,1490,46.139.133.163,80,api.line.me,/products/books
57.77.103.97,5692,22.63.84.80,80,stackoverflow.com,/en-US/docs/Web/HTTP
146.16.13.88,3774,121.159.126.164,80,youtube.com,/download/latest
19.98.199.0,5300,208.44.69.152,80,cdn.discordapp.com,/profile
19.23.23.220,4139,188.176.85.158,80,youtube.com,/products/books
220.205.190.123,6163,167.164.209.253,80,stackoverflow.com,/download/latest
88.218.12.106,1329,3.239.34.61,80,youtube.com,/stories/12345
214.18.153.215,5234,121.8.215.142,8000,youtube.com,/home
109.192.95.99,1264,2.40.62.4,8080,facebook.com,/stories/12345
146.127.225.138,1557,243.104.191.179,80,login.microsoftonline.com,/messages
66.155.58.82,4440,86.15.231.230,80,medium.com,/dashboard
221.154.189.117,4614,9.91.200.52,80,www.instagram.com,/home
138.220.31.206,4000,117.71.137.36,80,google.com,/auth/verify
37.18.126.147,2400,141.171.112.64,80,amazon.com,/dashboard
40.164.68.172,4408,46.241.102.167,80,amazon.com,/course
65.242.199.15,3775,33.252.102.34,80,www.google.com,/dashboard
250.8.243.216,4737,242.61.253.158,80,api.line.me,/en-US/docs/Web/HTTP
148.17.230.175,3999,203.50.98.120,8080,api.line.me,/en-US/docs/Web/HTTP
7.252.210.83,4392,15.77.51.70,80,teams.microsoft.com,/en-US/docs/Web/HTTP
228.157.221.160,4551,101.136.177.23,8000,student.university.ac.th,/profile
144.200.181.194,3589,138.169.243.191,8000,facebook.com,/messages
205.112.123.231,1251,73.67.203.74,80,www.google.com,/download/latest
120.26.28.211,2775,148.110.88.214,80,cdn.discordapp.com,/auth/verify
44.111.40.247,6360,142.45.55.110,80,medium.com,/download/latest
249.59.149.178,2533,220.179.228.159,80,login.microsoftonline.com,/course
9.170.3.200,4859,31.172.133.119,80,stackoverflow.com,/login
130.77.24.251,4114,31.248.222.229,80,facebook.com,/profile
128.52.44.221,5060,9.250.19.70,8000,api.line.me,/dashboard
251.107.8.54,1655,204.232.89.98,80,stackoverflow.com,/messages
144.252.68.14,4239,176.0.54.1,80,teams.microsoft.com,/stories/12345
131.253.217.80,3729,128.72.191.236,8080,facebook.com,/api/ping
140.202.34.98,3033,174.234.14.83,80,university.ac.th,/products/books
36.240.219.7,1684,156.8.0.242,8000,youtube.com,/messages
195.104.222.155,4659,73.103.115.21,80,google.com,/profile
205.209.10.2,2382,54.130.81.116,80,stackoverflow.com,/api/ping
119.47.46.153,4178,162.45.20.104,80,facebook.com,/course
192.4.89.52,2672,120.218.78.175,8080,cdn.discordapp.com,/search?q=data
103.159.146.97,5660,116.183.181.51,80,university.ac.th,/login
86.16.21.128,4376,26.228.218.108,80,login.microsoftonline.com,/login
244.141.97.173,1340,215.211.135.219,80,cdn.discordapp.com,/stories/12345
22.74.117.11,5266,165.77.194.203,80,student.university.ac.th,/download/latest
227.91.189.54,5766,119.22.62.11,80,google.com,/stories/12345
110.48.220.248,5097,203.101.204.104,80,student.university.ac.th,/messages
231.32.246.55,3541,57.53.52.109,80,amazon.com,/search?q=data
158.12.126.239,6395,157.235.189.184,80,university.ac.th,/stories/12345
129.7.234.45,4184,30.235.114.52,80,login.microsoftonline.com,/dashboard
51.160.158.154,2075,240.127.252.172,8080,google.com,/download/latest
94.248.71.17,1062,62.192.172.43,80,zoom.us,/stories/12345
126.238.142.0,4239,133.43.10.147,80,youtube.com,/stories/12345
140.21.226.211,3055,165.154.146.115,80,university.ac.th,/search?q=data
250.170.124.28,1968,195.91.11.196,8000,teams.microsoft.com,/products/books
136.170.96.210,5887,75.176.193.108,80,facebook.com,/api/ping
76.54.164.153,3131,77.240.154.35,80,teams.microsoft.com,/course
51.18.85.88,6316,127.109.184.50,80,youtube.com,/products/books
163.190.244.49,2021,149.138.153.174,8000,medium.com,/course
101.86.251.191,5110,115.178.79.125,80,university.ac.th,/messages
147.93.78.114,2438,25.24.242.233,80,google.com,/dashboard
203.238.2.64,3365,74.151.177.234,80,login.microsoftonline.com,/products/books
30.161.229.183,3685,89.205.32.173,8080,student.university.ac.th,/products/books
103.64.177.234,1448,168.116.226.239,80,login.microsoftonline.com,/course
95.14.236.56,4835,204.66.103.2,80,teams.microsoft.com,/api/ping
199.78.23.51,1351,91.230.136.255,8000,login.microsoftonline.com,/api/ping
138.111.114.174,5400,53.151.50.30,80,university.ac.th,/course
190.213.223.171,3712,72.218.96.98,8000,login.microsoftonline.com,/en-US/docs/Web/HTTP
15.10.159.40,2986,37.178.65.115,80,twitter.com,/home
30.66.91.176,4945,0.11.180.95,80,www.google.com,/course
82.103.153.234,3067,54.231.54.26,8080,youtube.com,/home
28.106.179.155,4208,146.127.211.241,8080,university.ac.th,/login
71.237.162.234,2937,236.235.229.13,80,www.google.com,/search?q=data
103.163.151.79,3420,138.254.77.182,8080,login.microsoftonline.com,/auth/verify
212.115.220.10,2039,77.84.172.129,80,login.microsoftonline.com,/profile
229.76.198.149,4656,152.144.100.148,80,student.university.ac.th,/download/latest
88.133.228.178,1964,240.96.87.34,80,amazon.com,/download/latest
48.127.56.225,3472,69.59.48.85,8000,medium.com,/auth/verify
168.20.66.198,5203,43.230.95.26,8000,cdn.discordapp.com,/profile
23.226.236.216,4731,242.242.222.181,80,google.com,/course
66.171.254.217,2561,74.156.79.27,8000,www.google.com,/products/books
40.103.158.205,3590,253.127.134.214,80,stackoverflow.com,/messages
217.177.252.149,5373,140.159.223.115,80,cdn.discordapp.com,/stories/12345
228.143.29.205,3972,236.7.165.213,8000,cdn.discordapp.com,/messages
211.145.97.26,2260,220.211.132.85,80,www.instagram.com,/api/ping
7.122.163.228,2816,210.126.157.227,8080,amazon.com,/course
2.124.36.255,1883,31.150.254.75,8000,login.microsoftonline.com,/download/latest
177.80.123.59,1313,211.94.193.175,8000,teams.microsoft.com,/stories/12345
50.170.10.125,1780,98.246.233.238,80,login.microsoftonline.com,/stories/12345
216.84.47.20,4925,76.239.25.183,80,google.com,/home
233.225.204.240,1864,113.99.171.128,8080,medium.com,/home
26.157.115.74,1244,77.208.87.71,80,student.university.ac.th,/auth/verify
179.203.103.171,5106,218.53.92.94,80,amazon.com,/auth/verify
126.86.153.59,4598,175.222.143.222,8080,facebook.com,/en-US/docs/Web/HTTP
104.65.89.218,1038,128.52.194.116,8000,zoom.us,/messages
244.156.66.56,1796,2.150.7.118,80,www.instagram.com,/download/latest
88.125.71.118,4213,190.214.247.195,80,api.line.me,/messages
209.206.246.203,5307,62.144.56.161,80,medium.com,/course
89.196.10.111,5745,94.35.101.249,80,google.com,/en-US/docs/Web/HTTP
129.50.191.51,1972,244.30.200.186,80,twitter.com,/home
231.64.82.235,2185,242.67.205.99,80,teams.microsoft.com,/api/ping
80.108.69.126,6253,92.238.123.149,8000,facebook.com,/stories/12345
118.216.198.92,1769,196.143.188.138,80,api.line.me,/search?q=data
128.9.200.129,4116,18.31.114.101,8000,stackoverflow.com,/products/books
192.103.230.91,4260,234.71.38.143,80,facebook.com,/home
242.88.31.13,1003,193.182.109.174,8080,medium.com,/products/books
123.221.254.116,2588,239.236.50.152,80,medium.com,/search?q=data
109.103.190.85,5366,103.115.132.208,80,login.microsoftonline.com,/download/latest
3.88.14.44,4578,216.65.186.85,80,twitter.com,/dashboard
35.58.30.168,4793,60.158.18.181,80,www.google.com,/en-US/docs/Web/HTTP
29.39.154.162,1803,254.162.23.171,8000,google.com,/download/latest
100.113.110.56,4161,121.48.107.72,80,www.instagram.com,/api/ping
41.129.52.177,2210,243.250.215.142,80,amazon.com,/en-US/docs/Web/HTTP
227.77.77.88,5495,182.166.236.75,80,login.microsoftonline.com,/api/ping
86.145.185.21,1881,77.33.192.99,80,student.university.ac.th,/home
160.108.78.249,1130,122.43.125.209,8000,amazon.com,/course
210.244.61.172,3106,83.172.104.60,80,student.university.ac.th,/search?q=data
119.79.160.158,5671,228.4.154.115,80,www.google.com,/login
249.60.204.76,4297,99.240.55.22,80,google.com,/en-US/docs/Web/HTTP
172.136.15.161,2846,189.230.218.77,80,www.instagram.com,/login
153.187.145.196,6309,72.165.228.206,8000,youtube.com,/home
240.239.152.4,4967,32.140.38.72,80,www.google.com,/api/ping
116.131.247.44,1004,220.204.88.197,80,facebook.com,/auth/verify
240.44.227.163,3169,238.134.212.32,80,student.university.ac.th,/home
10.0.213.92,2723,105.34.1.63,8080,www.instagram.com,/home
151.59.159.165,1627,184.129.18.67,80,zoom.us,/stories/12345
47.20.21.210,5283,251.24.27.37,80,stackoverflow.com,/search?q=data
199.143.113.124,2422,216.252.238.77,80,cdn.discordapp.com,/dashboard
144.153.208.112,3424,176.4.91.25,8000,api.line.me,/course
23.52.31.36,2319,162.133.61.254,80,zoom.us,/dashboard
54.166.8.120,4203,83.108.137.191,80,teams.microsoft.com,/stories/12345
248.118.209.150,4262,68.203.75.147,80,facebook.com,/auth/verify
61.37.114.94,1942,79.172.108.104,8080,www.instagram.com,/course
196.230.203.229,1060,58.9.138.249,80,www.google.com,/en-US/docs/Web/HTTP
249.194.115.236,1275,87.211.213.190,80,www.google.com,/search?q=data
92.77.155.17,2233,148.231.42.181,8000,cdn.discordapp.com,/course
103.6.220.204,6477,106.35.121.139,80,medium.com,/api/ping
220.231.175.193,3582,34.166.16.77,8000,twitter.com,/stories/12345
132.205.50.179,2237,92.197.228.176,8000,login.microsoftonline.com,/dashboard
227.136.96.31,4329,192.76.67.180,80,medium.com,/profile
124.242.127.145,6183,58.23.88.112,80,youtube.com,/messages
182.181.240.66,5450,22.44.50.161,80,zoom.us,/search?q=data
166.192.52.169,4601,236.200.70.95,80,login.microsoftonline.com,/api/ping
156.28.166.241,3074,53.147.19.190,80,twitter.com,/products/books
20.214.77.206,5850,242.66.203.196,80,stackoverflow.com,/profile
45.189.58.180,4203,254.131.230.31,80,stackoverflow.com,/login
243.49.159.1,2025,150.227.37.75,8000,cdn.discordapp.com,/download/latest
116.169.92.29,3596,250.1.116.113,80,google.com,/search?q=data
130.89.44.213,4240,242.47.143.26,80,facebook.com,/en-US/docs/Web/HTTP
8.147.143.46,1592,239.23.198.182,80,cdn.discordapp.com,/api/ping
17.140.10.168,5942,165.27.126.172,80,student.university.ac.th,/home
201.228.14.39,5191,90.156.169.67,80,stackoverflow.com,/stories/12345
184.173.163.60,2540,157.121.183.159,80,login.microsoftonline.com,/login
238.248.4.112,4405,255.47.204.160,8000,login.microsoftonline.com,/dashboard
10.26.168.25,2220,189.212.110.62,8000,university.ac.th,/dashboard
29.173.101.161,1281,88.106.245.35,80,medium.com,/messages
12.63.85.230,4969,162.229.107.178,8080,zoom.us,/download/latest
115.49.253.54,1231,6.3.157.224,80,cdn.discordapp.com,/products/books
112.129.24.59,1260,33.214.66.227,80,login.microsoftonline.com,/search?q=data
127.186.93.241,6273,173.45.117.5,8000,login.microsoftonline.com,/login
138.100.202.6,2302,190.203.144.177,80,www.google.com,/products/books
208.9.75.124,5481,119.49.25.57,80,amazon.com,/course
32.48.6.191,4532,153.3.254.221,8000,amazon.com,/login
191.122.193.16,2533,27.254.176.250,8000,cdn.discordapp.com,/home
214.241.249.66,2049,5.13.234.233,8080,university.ac.th,/profile
9.110.173.228,3140,153.227.255.32,8000,student.university.ac.th,/products/books
107.194.15.110,3304,181.157.68.8,80,twitter.com,/home
24.180.65.210,3488,50.126.55.64,80,zoom.us,/products/books
165.57.7.198,3785,62.128.19.225,80,twitter.com,/auth/verify
37.59.231.184,5955,98.233.129.88,80,login.microsoftonline.com,/en-US/docs/Web/HTTP
252.226.34.221,4926,166.114.125.244,8000,zoom.us,/login
241.93.41.178,4086,204.221.77.223,80,stackoverflow.com,/products/books
106.31.241.127,6104,141.106.188.184,80,amazon.com,/course
175.127.63.184,5533,100.115.226.64,80,twitter.com,/home
140.4.228.134,5716,31.17.249.4,80,www.instagram.com,/dashboard
56.25.178.239,2686,207.19.211.206,80,www.google.com,/dashboard
6.132.137.233,1111,206.14.161.45,80,university.ac.th,/messages
92.164.56.215,2951,199.171.148.201,80,cdn.discordapp.com,/course
142.184.43.169,3954,47.75.52.77,80,student.university.ac.th,/download/latest
156.111.45.15,4562,49.216.197.207,80,amazon.com,/dashboard
143.245.164.148,4409,80.149.7.14,80,medium.com,/profile
141.137.194.217,6490,223.113.144.191,8080,student.university.ac.th,/download/latest
167.236.71.71,6403,49.65.137.75,80,google.com,/en-US/docs/Web/HTTP
122.128.159.108,3171,176.3.124.125,80,cdn.discordapp.com,/course
14.158.149.202,4392,65.192.7.1,80,zoom.us,/search?q=data
237.86.158.50,2490,52.245.229.144,80,google.com,/profile
70.229.255.7,3304,235.241.95.125,80,google.com,/profile
233.254.137.216,4560,13.164.57.32,8000,cdn.discordapp.com,/profile
134.146.140.255,4128,190.74.50.133,80,student.university.ac.th,/messages
230.250.197.30,1063,43.206.47.172,80,youtube.com,/profile
29.179.60.248,1247,108.53.133.203,80,amazon.com,/dashboard
211.140.164.31,4286,226.133.188.107,8000,teams.microsoft.com,/search?q=data
243.90.117.250,6446,226.57.230.94,8000,twitter.com,/home
133.231.74.39,4337,247.107.173.21,8000,www.google.com,/en-US/docs/Web/HTTP
103.96.43.62,1487,187.46.111.220,80,login.microsoftonline.com,/home
255.78.97.52,3711,194.30.38.162,80,www.instagram.com,/search?q=data
171.175.121.196,1882,116.158.92.212,80,student.university.ac.th,/products/books
76.26.184.91,3265,104.174.45.199,8080,google.com,/download/latest
6.142.14.238,5460,125.100.178.64,80,teams.microsoft.com,/api/ping
109.51.32.27,2235,198.190.112.241,8000,login.microsoftonline.com,/en-US/docs/Web/HTTP
76.3.59.128,4335,80.4.100.231,80,youtube.com,/login
248.3.43.118,5841,3.57.195.152,8000,amazon.com,/login
244.145.213.225,2946,27.239.173.244,80,www.google.com,/api/ping
206.30.143.121,3378,247.195.125.209,8080,university.ac.th,/stories/12345
131.51.219.164,1400,77.82.223.34,80,facebook.com,/search?q=data
19.137.82.231,5385,22.38.136.78,8000,student.university.ac.th,/auth/verify
223.133.61.94,4261,21.62.101.76,8080,medium.com,/auth/verify
30.51.176.236,1107,208.73.150.63,80,cdn.discordapp.com,/en-US/docs/Web/HTTP
91.181.235.159,3989,33.190.120.50,8000,student.university.ac.th,/auth/verify
194.208.41.177,1626,198.112.197.164,80,api.line.me,/dashboard
23.234.146.98,1222,159.28.222.158,8000,student.university.ac.th,/en-US/docs/Web/HTTP
65.5.43.62,3831,199.47.45.255,80,teams.microsoft.com,/products/books
202.209.73.219,5345,212.253.68.230,8080,medium.com,/api/ping
249.108.139.211,5491,248.237.207.8,80,www.google.com,/products/books
136.245.99.126,1791,61.67.234.70,80,student.university.ac.th,/products/books
129.106.17.175,1032,38.25.74.235,80,university.ac.th,/dashboard
181.200.167.88,6035,233.219.132.70,80,medium.com,/auth/verify
105.69.231.242,3499,88.141.130.148,80,api.line.me,/stories/12345
149.122.15.62,1047,114.149.34.169,8000,facebook.com,/en-US/docs/Web/HTTP
21.82.228.21,4543,39.26.44.103,80,stackoverflow.com,/profile
116.155.137.7,3285,35.229.61.57,8000,twitter.com,/en-US/docs/Web/HTTP
90.147.127.145,5157,19.208.34.107,80,www.instagram.com,/api/ping
154.215.141.64,3189,141.194.15.224,80,medium.com,/search?q=data
126.87.16.219,4355,202.247.7.213,8000,zoom.us,/auth/verify
230.149.37.39,5592,220.60.25.40,80,login.microsoftonline.com,/messages
133.135.40.163,5108,67.195.29.71,80,medium.com,/login
178.170.74.0,1553,48.240.179.76,80,facebook.com,/search?q=data
64.213.198.24,6074,64.140.217.0,80,www.instagram.com,/messages
40.159.151.160,5684,229.149.66.221,8000,www.google.com,/login
99.124.141.7,1103,75.9.58.47,8000,zoom.us,/login
194.33.92.182,6381,249.81.210.122,8000,google.com,/api/ping
72.167.243.91,2842,211.233.244.149,8000,medium.com,/login
171.67.144.188,3291,245.203.233.51,80,medium.com,/login
181.220.248.26,3624,168.168.214.101,80,cdn.discordapp.com,/api/ping
209.30.147.240,5801,83.42.55.67,8000,zoom.us,/home
14.155.98.106,4939,4.71.89.245,80,teams.microsoft.com,/stories/12345
66.157.40.83,3605,43.219.194.107,8000,www.instagram.com,/login
213.220.190.140,2442,198.131.64.114,80,zoom.us,/course
8.163.16.24,1172,66.53.169.232,80,teams.microsoft.com,/profile
153.99.250.177,6253,27.217.138.206,8080,medium.com,/products/books
214.86.17.244,2125,242.91.70.11,80,www.google.com,/login
201.41.101.39,3737,244.122.116.126,8080,teams.microsoft.com,/dashboard
147.177.96.193,5374,148.115.175.88,80,medium.com,/api/ping
39.149.208.182,3948,123.20.75.110,8000,login.microsoftonline.com,/home
42.63.86.189,3465,230.255.19.121,80,zoom.us,/search?q=data
134.168.240.78,1708,27.117.203.46,80,login.microsoftonline.com,/auth/verify
170.209.156.23,1598,187.195.196.56,8000,www.instagram.com,/home
238.226.227.131,6427,219.15.118.185,80,university.ac.th,/products/books
250.86.28.201,1345,190.1.245.102,80,login.microsoftonline.com,/login
253.57.147.16,5611,135.91.31.178,80,teams.microsoft.com,/messages
213.243.165.55,1719,188.47.196.134,8000,api.line.me,/course
36.34.6.93,3591,239.130.168.252,80,google.com,/download/latest
68.134.188.28,1149,31.132.84.217,80,university.ac.th,/dashboard
245.117.219.169,5630,136.104.218.173,8080,amazon.com,/download/latest
160.67.9.10,1872,85.173.38.109,80,cdn.discordapp.com,/messages
107.197.19.102,2846,130.94.80.169,80,youtube.com,/course
193.121.13.153,3511,24.150.131.43,80,stackoverflow.com,/messages
157.217.134.211,5668,96.119.73.37,8080,facebook.com,/products/books
65.200.219.247,3447,26.244.170.38,8000,university.ac.th,/messages
137.75.69.179,1199,22.164.39.189,80,www.instagram.com,/api/ping
46.78.79.169,2954,141.6.92.141,80,zoom.us,/en-US/docs/Web/HTTP
52.13.138.19,1326,110.71.25.74,80,teams.microsoft.com,/stories/12345
27.44.160.130,3391,237.237.244.88,80,zoom.us,/products/books
86.81.47.232,5050,32.121.210.0,80,zoom.us,/products/books
196.187.75.108,1463,194.189.212.178,80,cdn.discordapp.com,/search?q=data
215.230.208.85,2845,219.176.171.11,8000,zoom.us,/home
241.251.6.24,5966,155.49.218.17,80,www.instagram.com,/home
136.30.76.158,2805,26.37.206.218,80,twitter.com,/messages
131.72.135.95,6190,215.238.215.96,8000,stackoverflow.com,/products/books
91.186.94.75,3832,118.9.138.113,80,university.ac.th,/home
154.228.109.57,3866,49.156.130.203,80,youtube.com,/profile
194.112.172.4,2467,159.13.245.143,8000,twitter.com,/stories/12345
170.54.214.63,1114,113.77.233.207,8080,teams.microsoft.com,/api/ping
167.255.6.178,5995,236.21.174.241,80,stackoverflow.com,/download/latest
19.242.187.59,2223,218.186.120.229,8080,amazon.com,/login
48.46.200.79,3627,99.146.130.106,80,google.com,/search?q=data
189.88.100.167,6470,127.142.154.130,8000,stackoverflow.com,/profile
179.47.188.218,3484,141.160.128.198,80,api.line.me,/en-US/docs/Web/HTTP
147.208.244.87,5297,12.59.198.48,80,youtube.com,/download/latest
104.208.155.30,2066,23.174.13.227,80,youtube.com,/products/books
186.35.142.221,2714,242.197.120.19,80,google.com,/login
166.203.89.165,5960,187.237.58.92,80,facebook.com,/en-US/docs/Web/HTTP
25.28.255.143,2321,222.224.239.205,80,twitter.com,/messages
194.178.37.51,1982,61.8.227.13,8000,zoom.us,/download/latest
19.85.125.34,1829,30.139.50.114,80,youtube.com,/messages
14.246.141.138,4144,233.186.118.197,8000,www.instagram.com,/en-US/docs/Web/HTTP
223.182.229.206,1508,196.120.99.187,8080,student.university.ac.th,/login
120.44.116.197,2200,110.62.122.86,80,api.line.me,/login
89.122.19.10,4221,113.62.61.154,80,zoom.us,/course
187.79.221.60,5734,202.82.96.161,80,cdn.discordapp.com,/stories/12345
122.81.136.185,3438,208.166.75.122,80,amazon.com,/products/books
42.228.254.207,2185,161.180.42.242,8000,cdn.discordapp.com,/api/ping
12.186.229.129,4270,47.205.161.183,8080,teams.microsoft.com,/auth/verify
10.157.143.41,4771,71.243.28.228,80,login.microsoftonline.com,/products/books
102.198.67.86,4155,114.225.67.188,80,twitter.com,/stories/12345
114.117.41.110,2651,65.36.33.105,80,www.google.com,/stories/12345
68.148.113.170,4800,225.8.183.84,80,university.ac.th,/en-US/docs/Web/HTTP
31.60.219.3,4070,37.194.89.220,8000,twitter.com,/download/latest
121.125.167.215,1813,118.19.145.230,80,youtube.com,/api/ping
183.110.121.121,3927,50.248.151.230,8000,teams.microsoft.com,/stories/12345
63.131.214.216,4435,143.86.233.159,80,google.com,/course
234.79.197.214,5727,24.66.85.208,80,google.com,/api/ping
178.49.96.217,4393,163.63.229.111,80,student.university.ac.th,/dashboard
7.102.62.21,2053,14.52.117.248,80,zoom.us,/products/books
196.174.10.93,4431,125.206.208.255,8000,university.ac.th,/course
239.202.94.157,4128,79.83.31.66,8000,login.microsoftonline.com,/products/books
67.31.251.89,5587,162.147.240.197,8080,amazon.com,/login
253.234.164.32,5433,106.73.137.74,80,login.microsoftonline.com,/stories/12345
49.156.122.90,3568,221.158.248.252,80,medium.com,/home
23.89.78.199,4353,52.241.150.15,80,amazon.com,/dashboard
176.233.230.238,1916,98.50.253.220,8000,zoom.us,/course
210.6.32.111,4385,255.207.237.202,8000,google.com,/en-US/docs/Web/HTTP
132.92.82.184,1538,174.106.119.27,80,stackoverflow.com,/stories/12345
185.77.1.65,1713,81.140.248.150,80,medium.com,/en-US/docs/Web/HTTP
101.83.243.124,4756,112.127.197.170,80,cdn.discordapp.com,/en-US/docs/Web/HTTP
183.178.245.46,1245,165.225.77.106,80,twitter.com,/stories/12345
131.218.152.221,2843,246.10.89.117,8080,cdn.discordapp.com,/stories/12345
71.133.74.13,3060,248.214.181.253,80,teams.microsoft.com,/api/ping
197.197.1.99,4019,66.25.104.21,8000,facebook.com,/profile
177.30.99.187,1221,1.77.69.234,80,medium.com,/download/latest
126.112.205.89,2889,178.149.61.76,80,facebook.com,/en-US/docs/Web/HTTP
224.114.254.180,5222,60.252.111.76,80,twitter.com,/products/books
68.176.130.33,5780,156.104.237.66,8080,facebook.com,/api/ping
35.42.97.96,4594,105.212.96.254,8080,login.microsoftonline.com,/messages
60.48.164.136,6054,180.160.147.193,80,cdn.discordapp.com,/login
125.240.228.188,1257,59.1.154.109,80,medium.com,/auth/verify
67.125.158.78,2812,93.189.187.195,80,api.line.me,/products/books
195.83.152.52,6036,115.213.48.59,80,google.com,/en-US/docs/Web/HTTP
95.4.192.106,1011,240.250.176.7,8080,www.google.com,/login
69.220.185.120,4137,213.138.98.25,80,medium.com,/messages
181.222.9.133,2341,159.206.72.67,8000,twitter.com,/course
122.79.107.76,4643,254.59.217.193,80,www.instagram.com,/products/books
90.135.136.237,3400,131.211.120.166,80,facebook.com,/api/ping
8.148.190.153,5909,243.202.136.34,8000,youtube.com,/dashboard
253.34.2.183,5395,213.45.181.127,80,zoom.us,/api/ping
183.239.91.184,3826,37.163.64.89,80,twitter.com,/search?q=data
88.221.89.197,4333,213.87.192.29,80,login.microsoftonline.com,/auth/verify
150.77.118.1,1445,123.208.223.141,8080,medium.com,/dashboard
161.130.185.127,2702,71.46.44.36,80,login.microsoftonline.com,/stories/12345
36.169.232.130,3752,28.64.213.246,8000,www.google.com,/download/latest
136.85.10.116,2906,115.182.234.156,80,login.microsoftonline.com,/home
224.74.32.209,6097,156.245.80.80,8000,youtube.com,/stories/12345
193.103.71.216,2421,113.57.105.184,8000,api.line.me,/dashboard
143.167.51.77,2436,146.111.248.150,8000,university.ac.th,/messages
253.185.49.96,5720,174.218.187.196,80,student.university.ac.th,/api/ping
31.175.5.46,3907,8.231.110.198,8000,teams.microsoft.com,/download/latest
48.164.201.92,1231,93.124.73.171,80,twitter.com,/api/ping
144.72.102.38,3653,185.112.83.202,80,teams.microsoft.com,/products/books
13.218.89.135,5813,118.230.138.53,8080,student.university.ac.th,/download/latest
26.158.159.49,3307,176.189.213.240,80,youtube.com,/en-US/docs/Web/HTTP
161.111.17.232,1087,59.31.102.106,80,university.ac.th,/messages
197.215.159.235,3333,113.127.225.166,80,www.google.com,/home
1.18.17.116,4604,100.214.224.83,80,university.ac.th,/messages
11.227.171.210,3709,188.160.39.188,80,twitter.com,/stories/12345
45.222.175.75,3866,55.105.102.133,8000,google.com,/auth/verify
105.189.98.221,6203,135.143.64.220,80,api.line.me,/en-US/docs/Web/HTTP
237.130.163.87,5540,95.134.31.119,80,zoom.us,/en-US/docs/Web/HTTP
112.1.6.98,6184,90.12.143.232,80,www.instagram.com,/messages
82.25.160.125,5443,61.43.208.66,8000,teams.microsoft.com,/en-US/docs/Web/HTTP
40.73.16.94,1534,37.120.190.248,80,stackoverflow.com,/home
109.225.129.217,4231,118.65.46.247,80,zoom.us,/dashboard
205.233.140.15,3495,72.255.168.125,80,zoom.us,/home
177.63.129.9,5207,243.34.179.90,80,login.microsoftonline.com,/en-US/docs/Web/HTTP
195.19.92.20,5874,180.213.34.144,80,medium.com,/download/latest
110.126.42.250,4769,98.118.179.215,8000,facebook.com,/api/ping
157.182.109.112,1856,129.139.220.150,80,teams.microsoft.com,/course
100.116.74.24,2086,129.194.115.77,80,api.line.me,/auth/verify
41.68.161.200,2398,52.241.68.90,80,api.line.me,/login
197.218.217.5,2328,32.54.121.67,80,student.university.ac.th,/dashboard
85.30.240.250,2143,108.214.103.196,80,google.com,/products/books
136.241.65.238,2602,14.106.29.189,8000,zoom.us,/products/books
152.82.154.130,4277,194.128.102.117,8080,www.instagram.com,/en-US/docs/Web/HTTP
156.225.64.86,4648,143.120.97.87,80,zoom.us,/profile
54.21.84.47,3858,161.183.122.185,80,www.google.com,/messages
254.240.189.41,2210,57.170.68.218,80,teams.microsoft.com,/download/latest
180.239.119.186,4846,116.232.112.150,8000,google.com,/search?q=data
169.9.44.195,2854,24.164.245.179,80,university.ac.th,/api/ping
172.247.172.107,3927,37.77.185.88,80,login.microsoftonline.com,/messages
74.161.69.65,4961,35.58.3.122,80,login.microsoftonline.com,/messages
161.57.138.228,2187,53.80.12.9,8000,medium.com,/search?q=data
173.229.67.138,1682,151.135.241.150,8000,facebook.com,/download/latest
25.104.140.209,4020,249.32.249.2,80,facebook.com,/messages
134.221.189.235,5008,107.125.152.187,80,facebook.com,/products/books
82.127.65.226,3925,248.186.165.31,80,www.google.com,/dashboard
180.11.247.125,1062,138.137.114.119,80,api.line.me,/messages
36.52.188.104,5765,54.236.43.181,80,twitter.com,/api/ping
163.165.62.129,2071,58.80.97.83,80,google.com,/search?q=data
58.142.87.241,4830,155.126.245.94,80,teams.microsoft.com,/en-US/docs/Web/HTTP
130.132.99.12,4362,221.84.163.201,80,university.ac.th,/stories/12345
229.148.129.16,5409,194.230.169.35,80,cdn.discordapp.com,/download/latest
156.81.141.67,3983,211.76.175.71,80,facebook.com,/home
9.117.138.226,5409,177.191.229.66,80,university.ac.th,/api/ping
175.205.173.1,5252,216.241.37.213,80,zoom.us,/download/latest
195.27.160.69,5280,141.14.175.225,80,amazon.com,/download/latest
85.207.101.182,3753,174.137.145.223,80,teams.microsoft.com,/api/ping
200.81.104.87,5851,187.73.71.165,8080,student.university.ac.th,/search?q=data
230.235.79.214,3100,129.206.228.239,80,university.ac.th,/stories/12345
69.99.69.249,2032,150.40.3.51,8080,stackoverflow.com,/dashboard
73.95.224.222,3028,191.13.193.178,80,twitter.com,/course
94.104.95.70,4916,116.238.202.142,8000,twitter.com,/dashboard
7.238.170.43,4759,54.92.177.13,80,youtube.com,/auth/verify
101.119.71.245,5283,233.218.223.121,8080,teams.microsoft.com,/download/latest
106.64.104.9,6159,7.139.19.108,80,teams.microsoft.com,/products/books
126.133.149.133,1692,72.203.213.218,8000,stackoverflow.com,/messages
176.172.251.215,5605,12.197.226.14,8000,amazon.com,/course
222.149.35.72,2006,25.80.11.30,80,www.instagram.com,/api/ping
228.179.12.194,2408,6.40.206.182,80,zoom.us,/stories/12345
59.21.182.11,3992,69.120.110.205,8000,facebook.com,/products/books
30.187.74.42,2578,193.168.164.34,80,medium.com,/products/books
83.229.226.127,2352,139.232.182.195,8000,www.google.com,/course
163.186.135.81,3211,216.132.196.9,80,cdn.discordapp.com,/messages
34.129.229.246,3449,91.14.1.162,80,zoom.us,/search?q=data
124.216.86.181,1259,79.61.45.19,80,university.ac.th,/home
238.80.10.77,4009,228.243.232.206,80,amazon.com,/stories/12345
19.52.167.80,2419,172.187.46.0,8080,teams.microsoft.com,/course
35.140.203.114,2587,30.70.117.126,8000,zoom.us,/stories/12345
223.78.49.142,3239,60.119.212.29,8080,www.google.com,/api/ping
217.15.29.64,4550,107.95.174.199,80,www.instagram.com,/search?q=data
69.240.33.220,6366,63.88.246.188,8080,amazon.com,/auth/verify
218.38.8.250,4061,18.118.230.140,80,facebook.com,/messages
148.81.111.148,1886,253.224.182.74,80,google.com,/download/latest
13.201.72.120,1670,199.66.205.159,80,student.university.ac.th,/login
156.94.246.111,3132,121.14.192.234,80,twitter.com,/messages
48.81.232.203,2472,215.188.35.98,8080,twitter.com,/profile
5.178.236.65,3110,65.118.77.136,80,login.microsoftonline.com,/en-US/docs/Web/HTTP
116.45.65.22,5067,231.186.36.124,80,teams.microsoft.com,/home
122.76.178.163,6323,29.203.178.224,8080,student.university.ac.th,/download/latest
246.247.29.111,1198,15.7.193.75,8080,student.university.ac.th,/download/latest
3.119.88.120,6137,102.248.140.154,8000,zoom.us,/login
120.106.12.199,4945,169.119.239.238,80,facebook.com,/messages
153.54.108.190,6411,216.18.131.185,80,university.ac.th,/home
34.33.177.146,4707,238.51.124.20,80,university.ac.th,/search?q=data
103.149.137.205,1769,186.82.85.61,80,stackoverflow.com,/profile
182.238.195.116,3801,157.116.59.1,8000,teams.microsoft.com,/search?q=data
99.214.134.248,5994,182.109.202.222,80,www.instagram.com,/download/latest
100.178.115.171,4078,72.55.128.58,80,university.ac.th,/products/books
178.200.54.151,5418,139.151.254.242,80,university.ac.th,/messages
242.163.138.210,2936,103.206.240.14,80,cdn.discordapp.com,/api/ping
21.118.58.180,3401,61.204.18.204,8000,youtube.com,/search?q=data
121.138.39.53,3145,227.162.175.108,8080,google.com,/download/latest
72.143.120.232,1456,42.133.167.250,8000,stackoverflow.com,/products/books
244.247.178.194,4920,46.123.60.58,8080,facebook.com,/messages
4.76.249.220,1528,142.145.165.87,80,teams.microsoft.com,/dashboard
211.194.97.111,5150,54.157.112.149,80,stackoverflow.com,/profile
255.2.171.170,6286,156.91.80.77,80,zoom.us,/en-US/docs/Web/HTTP
106.23.134.11,3866,112.79.94.121,80,medium.com,/dashboard
9.175.51.41,5572,151.25.43.246,80,student.university.ac.th,/messages
185.172.35.49,5979,85.9.48.86,8000,login.microsoftonline.com,/products/books
131.88.195.168,2266,242.254.160.35,80,teams.microsoft.com,/dashboard
94.156.74.78,2890,181.54.17.222,80,google.com,/stories/12345
58.232.85.79,3628,164.211.62.38,80,stackoverflow.com,/api/ping
60.152.227.183,4310,60.241.169.233,80,cdn.discordapp.com,/en-US/docs/Web/HTTP
173.253.64.16,1197,153.117.136.201,80,student.university.ac.th,/auth/verify
180.78.19.237,3276,125.241.195.7,8000,youtube.com,/api/ping
81.133.13.79,2136,67.171.93.166,8000,zoom.us,/dashboard
201.11.172.106,3417,60.236.215.156,8000,teams.microsoft.com,/home
105.168.6.79,6412,225.247.139.173,80,api.line.me,/search?q=data
39.42.103.89,4345,69.51.159.88,80,amazon.com,/download/latest
115.230.107.169,4883,144.92.24.240,80,student.university.ac.th,/en-US/docs/Web/HTTP
203.184.255.203,3284,171.160.17.17,80,twitter.com,/profile
252.218.125.13,6179,220.234.118.83,8000,teams.microsoft.com,/download/latest
216.229.115.54,2711,211.176.136.122,80,university.ac.th,/search?q=data
126.69.190.8,1540,163.134.255.33,80,twitter.com,/stories/12345
74.160.238.9,4114,141.50.17.118,80,www.instagram.com,/api/ping
99.145.211.235,5370,152.28.141.194,8000,twitter.com,/home
175.85.239.217,4587,26.15.139.156,80,teams.microsoft.com,/dashboard
71.128.164.28,2186,29.226.235.105,8000,stackoverflow.com,/login
202.150.37.31,4326,8.196.130.29,80,stackoverflow.com,/course
104.230.86.84,2669,89.90.68.137,80,cdn.discordapp.com,/stories/12345
179.232.31.206,3941,100.225.39.5,80,zoom.us,/login
28.176.175.113,3259,59.96.231.112,80,amazon.com,/products/books
164.245.8.144,4432,26.125.90.177,80,youtube.com,/en-US/docs/Web/HTTP
67.117.109.157,2556,62.123.76.48,80,login.microsoftonline.com,/course
84.157.46.185,2453,163.31.91.51,8080,zoom.us,/profile
173.12.54.127,3653,115.86.31.212,8000,twitter.com,/stories/12345
97.148.92.59,5651,24.140.71.31,8000,university.ac.th,/login
53.87.21.252,5943,207.49.217.233,80,www.google.com,/profile
123.92.190.114,1121,130.177.1.33,80,cdn.discordapp.com,/dashboard
121.37.249.113,1371,56.85.87.127,80,amazon.com,/download/latest
172.75.239.227,1286,146.74.81.235,80,stackoverflow.com,/login
236.45.195.122,3468,72.186.210.227,80,login.microsoftonline.com,/course
216.228.196.185,6255,135.109.98.169,80,login.microsoftonline.com,/home
34.138.53.131,2980,36.7.145.198,80,facebook.com,/products/books
87.238.214.146,1318,165.195.176.212,80,youtube.com,/dashboard
177.232.72.199,1281,92.153.240.9,80,medium.com,/login
240.58.169.219,2367,215.44.100.184,80,facebook.com,/home
105.43.153.110,4924,185.238.219.253,80,zoom.us,/api/ping
18.144.233.25,1284,250.131.56.170,80,api.line.me,/en-US/docs/Web/HTTP
210.252.122.149,2744,211.59.115.172,80,facebook.com,/messages
205.1.12.36,1971,76.144.26.31,80,youtube.com,/api/ping
88.67.188.208,3999,38.19.227.243,80,twitter.com,/stories/12345
31.224.49.235,5678,164.158.9.112,80,login.microsoftonline.com,/api/ping
75.124.91.16,2221,94.82.189.22,80,api.line.me,/en-US/docs/Web/HTTP
175.255.61.17,4002,218.111.173.92,80,stackoverflow.com,/auth/verify
147.81.158.12,1352,127.113.221.177,80,university.ac.th,/home
94.123.250.205,6032,204.137.69.77,80,medium.com,/profile
197.141.241.213,1304,189.1.206.254,80,youtube.com,/products/books
223.236.202.228,1131,30.64.53.202,8000,amazon.com,/api/ping
91.160.161.5,5873,6.197.153.160,80,university.ac.th,/messages
201.168.203.59,6106,241.53.52.224,80,cdn.discordapp.com,/download/latest
206.82.170.32,6467,22.6.115.189,80,medium.com,/products/books
147.156.166.29,1733,195.64.210.13,80,twitter.com,/search?q=data
20.188.224.16,5347,151.125.208.245,80,twitter.com,/login
232.106.183.207,1648,254.154.74.211,80,twitter.com,/dashboard
151.207.50.48,4735,137.228.204.42,80,amazon.com,/home
255.180.70.142,3348,108.10.159.159,80,zoom.us,/home
57.254.216.135,1857,146.114.50.243,8000,google.com,/en-US/docs/Web/HTTP
91.9.59.51,1384,54.240.165.47,80,amazon.com,/dashboard
97.139.160.143,2197,23.94.54.40,80,medium.com,/home
206.44.1.167,4416,93.108.172.120,80,facebook.com,/dashboard
97.33.30.133,3277,189.215.196.66,80,www.instagram.com,/dashboard
99.215.237.16,3842,151.218.243.215,80,google.com,/stories/12345
118.164.218.137,4795,193.229.251.205,80,www.instagram.com,/auth/verify
76.15.19.13,5088,208.12.176.90,80,university.ac.th,/stories/12345
205.49.81.235,1505,85.8.148.152,80,google.com,/en-US/docs/Web/HTTP
43.29.188.131,5734,64.16.174.247,80,amazon.com,/course
185.212.47.231,3852,231.61.207.197,80,www.instagram.com,/auth/verify
126.162.83.60,3723,43.202.228.119,8000,cdn.discordapp.com,/auth/verify
20.15.67.219,5542,81.233.219.84,8000,amazon.com,/search?q=data
206.62.128.116,2002,56.228.78.128,80,medium.com,/messages
242.234.92.202,4934,240.111.50.251,8000,stackoverflow.com,/en-US/docs/Web/HTTP
123.214.170.87,4338,42.67.63.244,80,google.com,/course
169.44.150.107,2643,6.102.34.180,80,facebook.com,/course
53.185.157.200,5662,192.251.19.204,80,www.instagram.com,/stories/12345
152.90.115.135,1196,74.50.168.154,80,university.ac.th,/home
115.59.176.68,1707,177.131.59.151,8000,medium.com,/auth/verify
8.33.47.197,5174,248.177.16.113,80,twitter.com,/home
117.221.170.21,2201,212.236.209.251,8000,facebook.com,/course
147.159.10.51,2607,29.94.25.16,8000,student.university.ac.th,/login
117.209.47.180,1511,112.66.0.134,80,student.university.ac.th,/search?q=data
206.103.74.220,6272,163.169.4.220,80,youtube.com,/search?q=data
28.62.68.107,3126,100.151.111.21,8000,teams.microsoft.com,/products/books
37.245.217.50,3984,234.169.23.26,80,www.instagram.com,/api/ping
48.116.180.226,6281,30.127.212.27,80,www.google.com,/course
89.67.248.51,6146,143.110.248.167,8080,api.line.me,/home
62.75.198.215,2831,213.217.125.88,8080,google.com,/messages
155.220.5.143,3361,30.173.9.222,80,twitter.com,/dashboard
224.11.216.142,2757,27.144.22.186,80,www.instagram.com,/course
187.113.98.34,3969,130.170.65.239,80,medium.com,/search?q=data
111.99.217.111,4117,126.244.42.14,80,stackoverflow.com,/home
116.177.43.88,6207,176.28.167.232,80,student.university.ac.th,/stories/12345
96.139.104.220,4283,198.175.18.142,80,www.instagram.com,/en-US/docs/Web/HTTP
230.177.66.50,4245,50.11.248.76,8000,stackoverflow.com,/dashboard
238.28.238.250,1298,9.192.172.87,80,facebook.com,/stories/12345
59.192.41.172,2453,5.99.40.233,80,twitter.com,/messages
101.224.173.44,1094,70.30.242.108,80,www.instagram.com,/search?q=data
49.168.19.8,6008,230.2.103.94,80,youtube.com,/products/books
240.23.242.120,3255,189.193.166.13,80,teams.microsoft.com,/en-US/docs/Web/HTTP
77.103.123.94,4204,51.118.161.55,8000,www.instagram.com,/login
228.136.4.49,6293,95.144.227.226,80,api.line.me,/stories/12345
150.164.38.17,2610,130.166.87.205,80,zoom.us,/profile
218.134.140.210,3620,178.232.13.89,8000,youtube.com,/dashboard
32.30.94.194,2541,26.154.16.166,80,zoom.us,/messages
23.55.251.90,5674,200.164.185.68,80,student.university.ac.th,/profile
190.175.192.77,3646,186.35.23.45,80,teams.microsoft.com,/api/ping
185.199.27.117,6419,20.35.202.22,80,facebook.com,/en-US/docs/Web/HTTP
238.159.249.233,6116,172.237.154.43,80,youtube.com,/products/books
87.130.96.163,5973,240.253.58.214,80,facebook.com,/download/latest
246.48.27.13,4303,31.65.75.75,80,login.microsoftonline.com,/products/books
122.193.226.181,2740,224.158.140.74,80,youtube.com,/search?q=data
40.152.182.201,5171,159.11.24.71,80,youtube.com,/messages
45.50.28.17,2471,159.13.221.84,8000,stackoverflow.com,/auth/verify
25.39.170.110,3234,176.59.173.223,80,medium.com,/login
34.59.99.155,4364,37.191.104.143,80,www.google.com,/login
158.196.60.31,2387,42.159.94.51,80,facebook.com,/auth/verify
29.70.11.76,6127,143.219.234.26,80,api.line.me,/messages
172.192.14.185,6460,30.82.94.222,8000,student.university.ac.th,/home
239.87.61.157,5256,191.193.53.224,80,amazon.com,/login
249.69.114.198,1362,71.18.17.81,80,login.microsoftonline.com,/search?q=data
95.176.33.169,3087,175.156.71.230,8000,cdn.discordapp.com,/api/ping
